account_id,application_id,customer_id,account_open_date,credit_limit,current_balance,account_status,apr_percent,billing_cycle_day,source_system
ACC000001,APP000002,CUS000121,2026-06-17,3000,0,SUSPENDED,27.49,20,CARD_PLATFORM
ACC000002,APP000003,CUS000004,2026-03-06,10000,1808.25,ACTIVE,21.49,2,CARD_PLATFORM
ACC000003,APP000005,CUS000236,2025-11-11,2000,1498.1,ACTIVE,27.49,7,CARD_PLATFORM
ACC000004,APP000006,CUS000215,2026-05-29,5000,1328.13,ACTIVE,27.49,7,CARD_PLATFORM
ACC000005,APP000012,CUS000455,2026-01-19,7500,1485.6,ACTIVE,18.99,7,CARD_PLATFORM
ACC000006,APP000013,CUS000086,2025-12-26,2000,817.64,ACTIVE,27.49,10,CARD_PLATFORM
ACC000007,APP000014,CUS000118,2025-10-09,7500,2286.43,ACTIVE,27.49,5,CARD_PLATFORM
ACC000008,APP000015,CUS000497,2026-05-25,3000,767.69,ACTIVE,27.49,10,CARD_PLATFORM
ACC000009,APP000016,CUS000188,2026-01-01,3000,0,SUSPENDED,27.49,10,CARD_PLATFORM
ACC000010,APP000019,CUS000097,2025-07-06,3000,1613.26,ACTIVE,21.49,23,CARD_PLATFORM
ACC000011,APP000021,CUS000406,2025-06-18,2000,1415.37,ACTIVE,27.49,8,CARD_PLATFORM
ACC000012,APP000023,CUS000323,2026-06-11,15000,656.79,ACTIVE,21.49,26,CARD_PLATFORM
ACC000013,APP000027,CUS000461,2025-06-21,5000,922.7,ACTIVE,27.49,10,CARD_PLATFORM
ACC000014,APP000028,CUS000420,2025-10-15,5000,2481.57,ACTIVE,27.49,7,CARD_PLATFORM
ACC000015,APP000029,CUS000269,2026-05-17,3000,1035.9,ACTIVE,21.49,4,CARD_PLATFORM
ACC000016,APP000030,CUS000017,2026-03-21,3000,1178.68,ACTIVE,18.99,15,CARD_PLATFORM
ACC000017,APP000031,CUS000411,2026-04-24,5000,0,SUSPENDED,18.99,4,CARD_PLATFORM
ACC000018,APP000032,CUS000372,2025-09-27,7500,863.07,ACTIVE,24.99,22,CARD_PLATFORM
ACC000019,APP000034,CUS000167,2025-12-11,7500,2848.77,ACTIVE,27.49,1,CARD_PLATFORM
ACC000020,APP000039,CUS000451,2026-01-11,3000,1166.15,ACTIVE,21.49,11,CARD_PLATFORM
ACC000021,APP000040,CUS000258,2026-05-26,3000,3171.9,ACTIVE,21.49,5,CARD_PLATFORM
ACC000022,APP000041,CUS000173,2025-07-16,10000,938.37,ACTIVE,21.49,18,CARD_PLATFORM
ACC000023,APP000042,CUS000316,2026-06-14,3000,965.33,ACTIVE,24.99,12,CARD_PLATFORM
ACC000024,APP000045,CUS000176,2026-05-27,5000,1107.77,ACTIVE,27.49,19,CARD_PLATFORM
ACC000025,APP000046,CUS000464,2026-05-09,2000,1235.12,ACTIVE,24.99,28,CARD_PLATFORM
ACC000026,APP000053,CUS000286,2026-03-02,3000,935.5,ACTIVE,21.49,4,CARD_PLATFORM
ACC000027,APP000054,CUS000068,2025-09-08,3000,502.11,ACTIVE,21.49,17,CARD_PLATFORM
ACC000028,APP000058,CUS000056,2026-01-18,20000,1138.91,ACTIVE,27.49,13,CARD_PLATFORM
ACC000029,APP000059,CUS000453,2025-11-04,3000,1153.58,ACTIVE,21.49,13,CARD_PLATFORM
ACC000030,APP000060,CUS000212,2025-11-18,2000,2770.71,ACTIVE,18.99,3,CARD_PLATFORM
ACC000031,APP000061,CUS000059,2026-06-01,7500,2354.16,ACTIVE,21.49,6,CARD_PLATFORM
ACC000032,APP000062,CUS000445,2025-08-15,5000,2687.41,ACTIVE,24.99,1,CARD_PLATFORM
ACC000033,APP000069,CUS000315,2026-03-16,10000,1610.87,ACTIVE,21.49,26,CARD_PLATFORM
ACC000034,APP000071,CUS000154,2026-02-18,5000,2521.03,ACTIVE,21.49,16,CARD_PLATFORM
ACC000035,APP000072,CUS000080,2026-04-23,15000,1264.39,ACTIVE,18.99,7,CARD_PLATFORM
ACC000036,APP000073,CUS000296,2026-05-21,5000,2675.99,ACTIVE,24.99,23,CARD_PLATFORM
ACC000037,APP000074,CUS000440,2025-11-09,5000,2181.73,ACTIVE,18.99,25,CARD_PLATFORM
ACC000038,APP000075,CUS000104,2025-07-22,3000,1549.99,ACTIVE,21.49,7,CARD_PLATFORM
ACC000039,APP000077,CUS000456,2025-06-29,10000,2727.97,ACTIVE,21.49,6,CARD_PLATFORM
ACC000040,APP000078,CUS000141,2025-07-30,10000,3637.87,ACTIVE,24.99,20,CARD_PLATFORM
ACC000041,APP000079,CUS000457,2025-11-26,7500,815.53,ACTIVE,24.99,10,CARD_PLATFORM
ACC000042,APP000080,CUS000171,2025-09-15,2000,1665.74,ACTIVE,27.49,8,CARD_PLATFORM
ACC000043,APP000081,CUS000486,2025-09-26,3000,1330.11,ACTIVE,27.49,15,CARD_PLATFORM
ACC000044,APP000085,CUS000285,2025-07-21,3000,1850.95,ACTIVE,18.99,25,CARD_PLATFORM
ACC000045,APP000087,CUS000407,2026-05-18,7500,0,SUSPENDED,18.99,23,CARD_PLATFORM
ACC000046,APP000088,CUS000287,2025-12-04,10000,780.33,ACTIVE,21.49,16,CARD_PLATFORM
ACC000047,APP000089,CUS000072,2025-09-08,7500,0,CLOSED,21.49,3,CARD_PLATFORM
ACC000048,APP000090,CUS000071,2026-04-28,10000,1693.8,ACTIVE,21.49,14,CARD_PLATFORM
ACC000049,APP000091,CUS000310,2025-06-08,3000,2006.51,ACTIVE,18.99,5,CARD_PLATFORM
ACC000050,APP000092,CUS000374,2026-06-10,20000,1561.12,ACTIVE,24.99,20,CARD_PLATFORM
ACC000051,APP000094,CUS000356,2026-04-04,3000,2874.09,ACTIVE,21.49,17,CARD_PLATFORM
ACC000052,APP000095,CUS000040,2025-10-23,3000,701.55,ACTIVE,21.49,16,CARD_PLATFORM
ACC000053,APP000098,CUS000383,2026-06-26,3000,928.77,ACTIVE,18.99,4,CARD_PLATFORM
ACC000054,APP000103,CUS000095,2025-10-08,5000,801.69,ACTIVE,18.99,13,CARD_PLATFORM
ACC000055,APP000104,CUS000199,2025-11-19,3000,1071.44,ACTIVE,27.49,7,CARD_PLATFORM
ACC000056,APP000105,CUS000315,2026-04-26,3000,1853.13,ACTIVE,24.99,5,CARD_PLATFORM
ACC000057,APP000108,CUS000431,2026-01-24,15000,1390.76,ACTIVE,27.49,24,CARD_PLATFORM
ACC000058,APP000109,CUS000098,2025-08-13,3000,2550.46,ACTIVE,18.99,13,CARD_PLATFORM
ACC000059,APP000110,CUS000061,2025-09-18,15000,1938.1,ACTIVE,18.99,16,CARD_PLATFORM
ACC000060,APP000115,CUS000042,2025-06-08,3000,1685.98,ACTIVE,21.49,6,CARD_PLATFORM
ACC000061,APP000116,CUS000313,2026-05-22,10000,1571.64,ACTIVE,18.99,20,CARD_PLATFORM
ACC000062,APP000119,CUS000054,2026-06-20,10000,904.98,ACTIVE,21.49,25,CARD_PLATFORM
ACC000063,APP000120,CUS000057,2025-11-15,2000,883.59,ACTIVE,27.49,6,CARD_PLATFORM
ACC000064,APP000121,CUS000199,2025-12-12,7500,1861.36,ACTIVE,24.99,8,CARD_PLATFORM
ACC000065,APP000126,CUS000383,2026-03-31,3000,1904.25,ACTIVE,24.99,17,CARD_PLATFORM
ACC000066,APP000127,CUS000017,2025-11-01,20000,741.81,ACTIVE,18.99,13,CARD_PLATFORM
ACC000067,APP000129,CUS000277,2025-08-01,7500,1907.58,ACTIVE,18.99,12,CARD_PLATFORM
ACC000068,APP000131,CUS000189,2026-05-12,3000,2321.66,ACTIVE,18.99,10,CARD_PLATFORM
ACC000069,APP000132,CUS000214,2026-05-18,3000,828.5,ACTIVE,24.99,21,CARD_PLATFORM
ACC000070,APP000133,CUS000331,2025-11-17,10000,0,CLOSED,18.99,5,CARD_PLATFORM
ACC000071,APP000135,CUS000122,2025-07-31,5000,2794.38,ACTIVE,18.99,1,CARD_PLATFORM
ACC000072,APP000137,CUS000497,2026-06-24,3000,3035.89,ACTIVE,21.49,15,CARD_PLATFORM
ACC000073,APP000138,CUS000183,2025-07-21,2000,1062.26,ACTIVE,18.99,17,CARD_PLATFORM
ACC000074,APP000142,CUS000046,2025-06-08,7500,1305.5,ACTIVE,24.99,27,CARD_PLATFORM
ACC000075,APP000143,CUS000300,2025-11-06,7500,3564.29,ACTIVE,21.49,1,CARD_PLATFORM
ACC000076,APP000145,CUS000263,2026-06-11,2000,767.78,ACTIVE,18.99,17,CARD_PLATFORM
ACC000077,APP000148,CUS000080,2026-02-13,20000,586.29,ACTIVE,18.99,4,CARD_PLATFORM
ACC000078,APP000149,CUS000420,2025-08-12,3000,2234.72,ACTIVE,21.49,5,CARD_PLATFORM
ACC000079,APP000151,CUS000397,2026-02-03,2000,2219.25,ACTIVE,21.49,19,CARD_PLATFORM
ACC000080,APP000152,CUS000462,2025-09-16,15000,512.05,ACTIVE,18.99,4,CARD_PLATFORM
ACC000081,APP000154,CUS000188,2026-05-24,3000,1206.85,ACTIVE,24.99,4,CARD_PLATFORM
ACC000082,APP000155,CUS000239,2025-07-30,3000,1089.45,ACTIVE,27.49,10,CARD_PLATFORM
ACC000083,APP000156,CUS000438,2026-01-06,20000,1499.96,ACTIVE,18.99,4,CARD_PLATFORM
ACC000084,APP000157,CUS000074,2025-12-23,5000,1336.67,ACTIVE,24.99,25,CARD_PLATFORM
ACC000085,APP000159,CUS000076,2026-01-23,2000,619.67,ACTIVE,21.49,10,CARD_PLATFORM
ACC000086,APP000162,CUS000019,2025-06-17,10000,1335.28,ACTIVE,27.49,22,CARD_PLATFORM
ACC000087,APP000165,CUS000050,2026-01-07,5000,1339.83,ACTIVE,24.99,2,CARD_PLATFORM
ACC000088,APP000169,CUS000049,2026-04-04,5000,1751.06,ACTIVE,27.49,13,CARD_PLATFORM
ACC000089,APP000171,CUS000110,2026-05-06,5000,825.07,ACTIVE,24.99,28,CARD_PLATFORM
ACC000090,APP000172,CUS000223,2025-12-31,5000,1074.21,ACTIVE,21.49,7,CARD_PLATFORM
ACC000091,APP000173,CUS000015,2025-10-05,7500,2290.08,ACTIVE,18.99,24,CARD_PLATFORM
ACC000092,APP000179,CUS000431,2026-06-14,10000,1478.67,ACTIVE,27.49,9,CARD_PLATFORM
ACC000093,APP000180,CUS000155,2025-07-19,3000,1354.78,ACTIVE,27.49,16,CARD_PLATFORM
ACC000094,APP000181,CUS000378,2026-01-03,10000,1071.87,ACTIVE,18.99,21,CARD_PLATFORM
ACC000095,APP000182,CUS000329,2025-09-08,7500,0,SUSPENDED,21.49,28,CARD_PLATFORM
ACC000096,APP000185,CUS000135,2026-05-31,2000,1649.39,ACTIVE,21.49,23,CARD_PLATFORM
ACC000097,APP000188,CUS000069,2025-11-14,7500,1895.14,ACTIVE,24.99,20,CARD_PLATFORM
ACC000098,APP000189,CUS000481,2026-05-11,15000,1795.76,ACTIVE,27.49,11,CARD_PLATFORM
ACC000099,APP000192,CUS000437,2026-05-03,10000,0,CLOSED,27.49,2,CARD_PLATFORM
ACC000100,APP000194,CUS000457,2026-05-06,3000,1854.43,ACTIVE,18.99,10,CARD_PLATFORM
ACC000101,APP000197,CUS000109,2025-06-26,3000,2458.26,ACTIVE,27.49,10,CARD_PLATFORM
ACC000102,APP000200,CUS000323,2026-01-10,2000,1832.87,ACTIVE,24.99,15,CARD_PLATFORM
ACC000103,APP000201,CUS000224,2025-07-15,3000,1060.56,ACTIVE,18.99,15,CARD_PLATFORM
ACC000104,APP000202,CUS000339,2026-06-07,5000,2737.96,ACTIVE,27.49,23,CARD_PLATFORM
ACC000105,APP000203,CUS000153,2025-11-13,7500,1291.86,ACTIVE,18.99,1,CARD_PLATFORM
ACC000106,APP000205,CUS000417,2026-04-13,3000,543.29,ACTIVE,21.49,21,CARD_PLATFORM
ACC000107,APP000206,CUS000124,2026-01-15,20000,1608.0,ACTIVE,27.49,16,CARD_PLATFORM
ACC000108,APP000207,CUS000011,2026-01-21,3000,1171.5,ACTIVE,24.99,2,CARD_PLATFORM
ACC000109,APP000208,CUS000250,2025-12-25,3000,2332.25,ACTIVE,18.99,9,CARD_PLATFORM
ACC000110,APP000211,CUS000492,2026-01-01,5000,1190.57,ACTIVE,18.99,26,CARD_PLATFORM
ACC000111,APP000212,CUS000213,2026-02-08,3000,794.98,ACTIVE,18.99,20,CARD_PLATFORM
ACC000112,APP000213,CUS000117,2025-08-06,3000,1325.47,ACTIVE,18.99,15,CARD_PLATFORM
ACC000113,APP000214,CUS000410,2026-01-22,2000,815.12,ACTIVE,21.49,24,CARD_PLATFORM
ACC000114,APP000217,CUS000216,2025-09-29,20000,0,SUSPENDED,18.99,11,CARD_PLATFORM
ACC000115,APP000218,CUS000162,2025-12-25,7500,713.15,ACTIVE,24.99,24,CARD_PLATFORM
ACC000116,APP000223,CUS000294,2026-06-15,7500,1843.07,ACTIVE,21.49,23,CARD_PLATFORM
ACC000117,APP000224,CUS000194,2026-02-22,2000,2094.58,ACTIVE,21.49,16,CARD_PLATFORM
ACC000118,APP000225,CUS000110,2026-01-20,5000,0,CLOSED,21.49,5,CARD_PLATFORM
ACC000119,APP000226,CUS000259,2025-08-06,15000,0,SUSPENDED,24.99,4,CARD_PLATFORM
ACC000120,APP000227,CUS000309,2025-12-30,2000,1643.1,ACTIVE,24.99,10,CARD_PLATFORM
ACC000121,APP000228,CUS000111,2025-09-05,2000,920.94,ACTIVE,21.49,25,CARD_PLATFORM
ACC000122,APP000229,CUS000071,2026-02-14,7500,0,SUSPENDED,27.49,24,CARD_PLATFORM
ACC000123,APP000230,CUS000143,2026-04-27,15000,2981.0,ACTIVE,18.99,19,CARD_PLATFORM
ACC000124,APP000232,CUS000414,2026-03-04,5000,813.68,ACTIVE,18.99,4,CARD_PLATFORM
ACC000125,APP000233,CUS000278,2025-08-29,3000,4482.94,ACTIVE,21.49,14,CARD_PLATFORM
ACC000126,APP000234,CUS000458,2025-11-15,3000,3369.58,ACTIVE,27.49,18,CARD_PLATFORM
ACC000127,APP000236,CUS000291,2025-12-30,2000,2379.89,ACTIVE,18.99,27,CARD_PLATFORM
ACC000128,APP000237,CUS000238,2026-04-18,15000,2589.28,ACTIVE,21.49,24,CARD_PLATFORM
ACC000129,APP000238,CUS000274,2026-03-20,5000,0,SUSPENDED,24.99,22,CARD_PLATFORM
ACC000130,APP000239,CUS000485,2025-11-23,5000,1017.45,ACTIVE,18.99,1,CARD_PLATFORM
ACC000131,APP000241,CUS000228,2026-05-12,3000,2156.64,ACTIVE,24.99,22,CARD_PLATFORM
ACC000132,APP000243,CUS000144,2026-02-13,3000,696.05,ACTIVE,21.49,3,CARD_PLATFORM
ACC000133,APP000244,CUS000302,2025-08-10,3000,1127.37,ACTIVE,24.99,22,CARD_PLATFORM
ACC000134,APP000245,CUS000287,2026-01-21,7500,1257.63,ACTIVE,18.99,24,CARD_PLATFORM
ACC000135,APP000246,CUS000115,2025-06-28,7500,0,SUSPENDED,21.49,7,CARD_PLATFORM
ACC000136,APP000249,CUS000064,2025-07-14,2000,3800.25,ACTIVE,18.99,10,CARD_PLATFORM
ACC000137,APP000250,CUS000436,2025-12-17,2000,1707.8,ACTIVE,24.99,21,CARD_PLATFORM
ACC000138,APP000251,CUS000481,2026-05-16,7500,2029.05,ACTIVE,27.49,16,CARD_PLATFORM
ACC000139,APP000252,CUS000372,2026-04-18,3000,1368.42,ACTIVE,21.49,5,CARD_PLATFORM
ACC000140,APP000256,CUS000247,2026-06-12,15000,854.8,ACTIVE,27.49,7,CARD_PLATFORM
ACC000141,APP000257,CUS000324,2026-03-29,2000,839.49,ACTIVE,18.99,27,CARD_PLATFORM
ACC000142,APP000258,CUS000347,2025-08-13,15000,835.77,ACTIVE,18.99,4,CARD_PLATFORM
ACC000143,APP000260,CUS000168,2025-10-09,15000,1159.12,ACTIVE,27.49,25,CARD_PLATFORM
ACC000144,APP000261,CUS000452,2026-05-01,5000,1315.13,ACTIVE,21.49,8,CARD_PLATFORM
ACC000145,APP000263,CUS000282,2025-07-17,7500,1056.87,ACTIVE,27.49,1,CARD_PLATFORM
ACC000146,APP000264,CUS000092,2026-01-13,5000,190.64,ACTIVE,24.99,2,CARD_PLATFORM
ACC000147,APP000267,CUS000335,2026-02-20,3000,806.71,ACTIVE,27.49,25,CARD_PLATFORM
ACC000148,APP000268,CUS000483,2026-05-29,3000,2637.69,ACTIVE,24.99,8,CARD_PLATFORM
ACC000149,APP000270,CUS000323,2026-04-08,10000,1920.11,ACTIVE,24.99,3,CARD_PLATFORM
ACC000150,APP000271,CUS000088,2025-07-24,3000,904.77,ACTIVE,24.99,17,CARD_PLATFORM
ACC000151,APP000273,CUS000446,2025-09-17,5000,883.54,ACTIVE,27.49,20,CARD_PLATFORM
ACC000152,APP000274,CUS000414,2025-10-10,5000,2970.66,ACTIVE,27.49,20,CARD_PLATFORM
ACC000153,APP000275,CUS000422,2025-08-31,3000,550.8,ACTIVE,24.99,22,CARD_PLATFORM
ACC000154,APP000276,CUS000470,2025-07-06,7500,787.15,ACTIVE,18.99,15,CARD_PLATFORM
ACC000155,APP000277,CUS000014,2025-07-13,15000,1029.28,ACTIVE,27.49,3,CARD_PLATFORM
ACC000156,APP000278,CUS000043,2026-03-09,3000,1605.4,ACTIVE,27.49,6,CARD_PLATFORM
ACC000157,APP000279,CUS000040,2026-05-15,15000,1183.15,ACTIVE,18.99,13,CARD_PLATFORM
ACC000158,APP000280,CUS000354,2025-11-05,2000,1168.19,ACTIVE,18.99,11,CARD_PLATFORM
ACC000159,APP000281,CUS000421,2025-09-11,3000,2665.54,ACTIVE,27.49,14,CARD_PLATFORM
ACC000160,APP000282,CUS000062,2025-09-29,2000,505.47,ACTIVE,24.99,2,CARD_PLATFORM
ACC000161,APP000284,CUS000357,2025-12-20,5000,1391.79,ACTIVE,21.49,17,CARD_PLATFORM
ACC000162,APP000287,CUS000163,2026-05-01,10000,1077.78,ACTIVE,27.49,17,CARD_PLATFORM
ACC000163,APP000289,CUS000047,2025-09-01,7500,983.4,ACTIVE,21.49,9,CARD_PLATFORM
ACC000164,APP000290,CUS000442,2026-02-05,3000,586.54,ACTIVE,18.99,25,CARD_PLATFORM
ACC000165,APP000291,CUS000465,2025-11-04,10000,1583.29,ACTIVE,21.49,1,CARD_PLATFORM
ACC000166,APP000298,CUS000001,2025-07-23,5000,3860.8,ACTIVE,18.99,15,CARD_PLATFORM
ACC000167,APP000300,CUS000086,2025-07-13,2000,1272.56,ACTIVE,18.99,22,CARD_PLATFORM
ACC000168,APP000302,CUS000190,2026-05-19,3000,2332.84,ACTIVE,27.49,24,CARD_PLATFORM
ACC000169,APP000303,CUS000428,2025-08-16,10000,451.56,ACTIVE,24.99,1,CARD_PLATFORM
ACC000170,APP000304,CUS000325,2025-12-05,10000,0,CLOSED,18.99,24,CARD_PLATFORM
ACC000171,APP000307,CUS000083,2025-11-20,3000,2541.42,ACTIVE,21.49,19,CARD_PLATFORM
ACC000172,APP000309,CUS000115,2025-10-16,5000,1493.69,ACTIVE,18.99,19,CARD_PLATFORM
ACC000173,APP000311,CUS000203,2025-06-05,20000,2167.92,ACTIVE,24.99,17,CARD_PLATFORM
ACC000174,APP000313,CUS000079,2026-06-02,5000,1991.8,ACTIVE,24.99,14,CARD_PLATFORM
ACC000175,APP000315,CUS000068,2025-11-18,5000,1378.39,ACTIVE,18.99,12,CARD_PLATFORM
ACC000176,APP000316,CUS000372,2026-03-22,5000,854.69,ACTIVE,24.99,19,CARD_PLATFORM
ACC000177,APP000318,CUS000443,2026-04-29,5000,1846.31,ACTIVE,27.49,9,CARD_PLATFORM
ACC000178,APP000319,CUS000356,2026-06-22,10000,1753.49,ACTIVE,27.49,3,CARD_PLATFORM
ACC000179,APP000320,CUS000266,2026-03-27,5000,2518.06,ACTIVE,24.99,4,CARD_PLATFORM
ACC000180,APP000321,CUS000021,2025-08-10,3000,1864.13,ACTIVE,24.99,2,CARD_PLATFORM
ACC000181,APP000323,CUS000276,2026-02-19,15000,1375.32,ACTIVE,27.49,3,CARD_PLATFORM
ACC000182,APP000324,CUS000282,2025-10-10,7500,2722.96,ACTIVE,24.99,21,CARD_PLATFORM
ACC000183,APP000326,CUS000127,2025-07-11,2000,1296.56,ACTIVE,18.99,13,CARD_PLATFORM
ACC000184,APP000328,CUS000051,2025-06-26,5000,1371.1,ACTIVE,21.49,22,CARD_PLATFORM
ACC000185,APP000332,CUS000347,2026-02-16,7500,639.76,ACTIVE,24.99,8,CARD_PLATFORM
ACC000186,APP000333,CUS000379,2026-05-07,15000,0,SUSPENDED,27.49,16,CARD_PLATFORM
ACC000187,APP000335,CUS000136,2025-09-18,10000,1810.1,ACTIVE,27.49,11,CARD_PLATFORM
ACC000188,APP000337,CUS000064,2026-02-06,3000,1453.36,ACTIVE,27.49,1,CARD_PLATFORM
ACC000189,APP000338,CUS000184,2026-06-04,2000,0,CLOSED,18.99,14,CARD_PLATFORM
ACC000190,APP000342,CUS000342,2026-01-07,7500,1013.53,ACTIVE,21.49,13,CARD_PLATFORM
ACC000191,APP000344,CUS000219,2026-02-01,7500,1013.43,ACTIVE,18.99,2,CARD_PLATFORM
ACC000192,APP000346,CUS000283,2025-08-09,5000,1874.78,ACTIVE,18.99,5,CARD_PLATFORM
ACC000193,APP000349,CUS000459,2025-12-07,5000,3103.93,ACTIVE,18.99,26,CARD_PLATFORM
ACC000194,APP000350,CUS000498,2026-05-25,15000,825.24,ACTIVE,24.99,7,CARD_PLATFORM
ACC000195,APP000351,CUS000095,2025-06-04,10000,2302.49,ACTIVE,21.49,8,CARD_PLATFORM
ACC000196,APP000353,CUS000128,2025-09-18,2000,2352.54,ACTIVE,18.99,21,CARD_PLATFORM
ACC000197,APP000355,CUS000370,2026-06-18,10000,426.29,ACTIVE,27.49,12,CARD_PLATFORM
ACC000198,APP000357,CUS000145,2025-06-15,3000,2890.49,ACTIVE,18.99,20,CARD_PLATFORM
ACC000199,APP000358,CUS000052,2025-12-16,2000,1874.38,ACTIVE,18.99,26,CARD_PLATFORM
ACC000200,APP000359,CUS000055,2026-03-10,15000,1275.31,ACTIVE,18.99,1,CARD_PLATFORM
ACC000201,APP000360,CUS000423,2025-06-24,10000,545.92,ACTIVE,24.99,8,CARD_PLATFORM
ACC000202,APP000361,CUS000472,2026-05-19,3000,417.77,ACTIVE,18.99,2,CARD_PLATFORM
ACC000203,APP000362,CUS000310,2025-08-17,7500,2447.67,ACTIVE,27.49,22,CARD_PLATFORM
ACC000204,APP000363,CUS000189,2025-10-18,3000,1783.93,ACTIVE,24.99,5,CARD_PLATFORM
ACC000205,APP000364,CUS000047,2025-11-18,3000,2213.87,ACTIVE,27.49,14,CARD_PLATFORM
ACC000206,APP000366,CUS000045,2025-09-30,2000,841.21,ACTIVE,21.49,27,CARD_PLATFORM
ACC000207,APP000367,CUS000437,2026-03-15,3000,1124.01,ACTIVE,18.99,16,CARD_PLATFORM
ACC000208,APP000372,CUS000240,2026-01-31,3000,1177.73,ACTIVE,24.99,1,CARD_PLATFORM
ACC000209,APP000373,CUS000123,2025-10-27,10000,2665.09,ACTIVE,27.49,2,CARD_PLATFORM
ACC000210,APP000374,CUS000025,2025-11-14,5000,2166.7,ACTIVE,24.99,14,CARD_PLATFORM
ACC000211,APP000375,CUS000460,2026-06-15,2000,1000.04,ACTIVE,18.99,23,CARD_PLATFORM
ACC000212,APP000378,CUS000255,2025-07-21,3000,1624.77,ACTIVE,24.99,12,CARD_PLATFORM
ACC000213,APP000379,CUS000046,2025-07-09,3000,872.49,ACTIVE,27.49,14,CARD_PLATFORM
ACC000214,APP000380,CUS000439,2026-04-14,7500,1081.16,ACTIVE,18.99,24,CARD_PLATFORM
ACC000215,APP000381,CUS000405,2025-10-07,2000,1478.13,ACTIVE,27.49,4,CARD_PLATFORM
ACC000216,APP000382,CUS000044,2025-09-03,3000,3325.58,ACTIVE,21.49,16,CARD_PLATFORM
ACC000217,APP000383,CUS000075,2026-04-29,3000,4415.21,ACTIVE,24.99,21,CARD_PLATFORM
ACC000218,APP000384,CUS000091,2025-07-13,2000,365.0,ACTIVE,27.49,11,CARD_PLATFORM
ACC000219,APP000385,CUS000494,2026-06-21,3000,428.56,ACTIVE,21.49,3,CARD_PLATFORM
ACC000220,APP000390,CUS000181,2025-12-02,5000,1230.92,ACTIVE,24.99,28,CARD_PLATFORM
ACC000221,APP000391,CUS000338,2026-05-19,10000,1629.01,ACTIVE,18.99,21,CARD_PLATFORM
ACC000222,APP000392,CUS000228,2026-02-13,10000,2967.77,ACTIVE,27.49,14,CARD_PLATFORM
ACC000223,APP000395,CUS000221,2025-10-04,7500,1927.26,ACTIVE,27.49,8,CARD_PLATFORM
ACC000224,APP000396,CUS000051,2026-05-31,7500,2168.85,ACTIVE,18.99,14,CARD_PLATFORM
ACC000225,APP000399,CUS000027,2025-10-19,3000,673.75,ACTIVE,24.99,27,CARD_PLATFORM
ACC000226,APP000400,CUS000107,2025-12-19,7500,1407.71,ACTIVE,18.99,6,CARD_PLATFORM
ACC000227,APP000401,CUS000338,2026-03-22,5000,1564.42,ACTIVE,18.99,17,CARD_PLATFORM
ACC000228,APP000403,CUS000247,2025-09-16,5000,1956.75,ACTIVE,27.49,4,CARD_PLATFORM
ACC000229,APP000406,CUS000016,2025-07-29,3000,1225.24,ACTIVE,18.99,23,CARD_PLATFORM
ACC000230,APP000407,CUS000169,2025-09-22,3000,365.94,ACTIVE,27.49,22,CARD_PLATFORM
ACC000231,APP000408,CUS000388,2026-01-10,10000,1207.02,ACTIVE,27.49,8,CARD_PLATFORM
ACC000232,APP000409,CUS000296,2025-06-13,2000,3393.03,ACTIVE,18.99,16,CARD_PLATFORM
ACC000233,APP000410,CUS000049,2026-01-02,5000,0,ACTIVE,18.99,27,CARD_PLATFORM
ACC000234,APP000411,CUS000192,2026-04-13,2000,1763.79,ACTIVE,18.99,9,CARD_PLATFORM
ACC000235,APP000412,CUS000453,2025-06-26,2000,718.72,ACTIVE,24.99,28,CARD_PLATFORM
ACC000236,APP000413,CUS000076,2026-06-21,5000,642.99,ACTIVE,24.99,23,CARD_PLATFORM
ACC000237,APP000416,CUS000079,2026-02-16,3000,1567.43,ACTIVE,24.99,28,CARD_PLATFORM
ACC000238,APP000418,CUS000061,2026-03-14,3000,371.1,ACTIVE,27.49,7,CARD_PLATFORM
ACC000239,APP000419,CUS000151,2025-09-09,3000,1084.52,ACTIVE,18.99,18,CARD_PLATFORM
ACC000240,APP000421,CUS000106,2025-08-28,5000,2754.48,ACTIVE,18.99,6,CARD_PLATFORM
ACC000241,APP000424,CUS000258,2025-08-28,20000,4543.53,ACTIVE,27.49,1,CARD_PLATFORM
ACC000242,APP000425,CUS000424,2025-11-29,3000,0,CLOSED,21.49,22,CARD_PLATFORM
ACC000243,APP000426,CUS000073,2025-12-02,2000,1556.89,ACTIVE,27.49,17,CARD_PLATFORM
ACC000244,APP000429,CUS000341,2025-08-28,7500,735.95,ACTIVE,18.99,9,CARD_PLATFORM
ACC000245,APP000430,CUS000071,2025-12-01,10000,1367.63,ACTIVE,24.99,8,CARD_PLATFORM
ACC000246,APP000431,CUS000017,2026-01-31,3000,1435.32,ACTIVE,21.49,22,CARD_PLATFORM
ACC000247,APP000433,CUS000401,2026-01-14,3000,1185.81,ACTIVE,27.49,3,CARD_PLATFORM
ACC000248,APP000435,CUS000065,2025-12-29,7500,879.63,ACTIVE,18.99,4,CARD_PLATFORM
ACC000249,APP000436,CUS000380,2026-03-28,15000,2141.12,ACTIVE,24.99,24,CARD_PLATFORM
ACC000250,APP000437,CUS000480,2025-06-07,10000,2225.38,ACTIVE,18.99,10,CARD_PLATFORM
ACC000251,APP000439,CUS000222,2025-08-18,2000,1104.71,ACTIVE,24.99,13,CARD_PLATFORM
ACC000252,APP000440,CUS000198,2026-05-29,3000,1544.51,ACTIVE,27.49,2,CARD_PLATFORM
ACC000253,APP000445,CUS000390,2025-09-29,2000,551.96,ACTIVE,18.99,6,CARD_PLATFORM
ACC000254,APP000446,CUS000165,2025-07-31,5000,0,ACTIVE,21.49,3,CARD_PLATFORM
ACC000255,APP000447,CUS000299,2025-06-18,15000,866.44,ACTIVE,27.49,7,CARD_PLATFORM
ACC000256,APP000449,CUS000193,2025-07-12,2000,1559.3,ACTIVE,21.49,10,CARD_PLATFORM
ACC000257,APP000453,CUS000379,2026-04-10,3000,247.73,ACTIVE,21.49,18,CARD_PLATFORM
ACC000258,APP000454,CUS000312,2025-12-12,10000,886.67,ACTIVE,24.99,12,CARD_PLATFORM
ACC000259,APP000455,CUS000100,2025-11-23,2000,862.84,ACTIVE,27.49,6,CARD_PLATFORM
ACC000260,APP000456,CUS000145,2025-06-23,3000,1058.57,ACTIVE,21.49,16,CARD_PLATFORM
ACC000261,APP000458,CUS000278,2026-02-15,2000,1325.4,ACTIVE,21.49,4,CARD_PLATFORM
ACC000262,APP000459,CUS000191,2026-06-07,2000,1339.17,ACTIVE,27.49,16,CARD_PLATFORM
ACC000263,APP000461,CUS000466,2026-04-12,3000,851.27,ACTIVE,24.99,28,CARD_PLATFORM
ACC000264,APP000462,CUS000481,2026-03-03,3000,1745.64,ACTIVE,24.99,3,CARD_PLATFORM
ACC000265,APP000466,CUS000447,2026-04-14,2000,1691.24,ACTIVE,24.99,9,CARD_PLATFORM
ACC000266,APP000467,CUS000009,2026-05-17,10000,1964.93,ACTIVE,27.49,10,CARD_PLATFORM
ACC000267,APP000469,CUS000083,2025-12-09,5000,3778.03,ACTIVE,18.99,22,CARD_PLATFORM
ACC000268,APP000470,CUS000372,2025-08-21,15000,894.68,ACTIVE,18.99,28,CARD_PLATFORM
ACC000269,APP000471,CUS000450,2026-02-28,10000,1016.04,ACTIVE,18.99,23,CARD_PLATFORM
ACC000270,APP000473,CUS000292,2025-08-07,3000,886.6,ACTIVE,21.49,6,CARD_PLATFORM
ACC000271,APP000474,CUS000449,2026-01-24,3000,1168.93,ACTIVE,18.99,5,CARD_PLATFORM
ACC000272,APP000475,CUS000264,2026-03-04,3000,0,ACTIVE,24.99,15,CARD_PLATFORM
ACC000273,APP000476,CUS000467,2025-12-28,3000,3071.83,ACTIVE,24.99,22,CARD_PLATFORM
ACC000274,APP000477,CUS000333,2026-01-23,5000,680.06,ACTIVE,27.49,10,CARD_PLATFORM
ACC000275,APP000481,CUS000410,2025-09-11,7500,1592.07,ACTIVE,18.99,28,CARD_PLATFORM
ACC000276,APP000482,CUS000071,2025-10-25,5000,1385.47,ACTIVE,18.99,23,CARD_PLATFORM
ACC000277,APP000483,CUS000353,2025-11-10,3000,1192.79,ACTIVE,27.49,28,CARD_PLATFORM
ACC000278,APP000486,CUS000431,2025-09-30,7500,0,SUSPENDED,24.99,8,CARD_PLATFORM
ACC000279,APP000488,CUS000121,2025-06-18,5000,1097.55,ACTIVE,27.49,13,CARD_PLATFORM
ACC000280,APP000489,CUS000134,2025-07-02,7500,703.13,ACTIVE,18.99,24,CARD_PLATFORM
ACC000281,APP000490,CUS000011,2025-12-13,15000,0,CLOSED,27.49,28,CARD_PLATFORM
ACC000282,APP000491,CUS000368,2025-09-29,15000,753.82,ACTIVE,18.99,6,CARD_PLATFORM
ACC000283,APP000493,CUS000419,2026-06-19,20000,5083.47,ACTIVE,21.49,27,CARD_PLATFORM
ACC000284,APP000495,CUS000193,2025-11-01,2000,1208.6,ACTIVE,27.49,8,CARD_PLATFORM
ACC000285,APP000496,CUS000296,2025-06-17,3000,1480.08,ACTIVE,27.49,19,CARD_PLATFORM
ACC000286,APP000497,CUS000128,2025-07-13,5000,1039.24,ACTIVE,27.49,28,CARD_PLATFORM
ACC000287,APP000498,CUS000003,2025-10-20,15000,2655.57,ACTIVE,18.99,4,CARD_PLATFORM
ACC000288,APP000499,CUS000218,2026-05-30,5000,1669.88,ACTIVE,27.49,5,CARD_PLATFORM
ACC000289,APP000500,CUS000384,2026-03-10,7500,1348.18,ACTIVE,21.49,5,CARD_PLATFORM
ACC000290,APP000501,CUS000149,2026-02-28,15000,2537.49,ACTIVE,18.99,11,CARD_PLATFORM
ACC000291,APP000502,CUS000214,2025-08-31,3000,2871.59,ACTIVE,21.49,3,CARD_PLATFORM
ACC000292,APP000504,CUS000288,2026-03-09,15000,789.41,ACTIVE,27.49,11,CARD_PLATFORM
ACC000293,APP000505,CUS000295,2026-04-01,5000,1169.18,ACTIVE,18.99,11,CARD_PLATFORM
ACC000294,APP000507,CUS000362,2026-02-01,5000,2261.93,ACTIVE,24.99,22,CARD_PLATFORM
ACC000295,APP000508,CUS000062,2026-03-17,15000,717.04,ACTIVE,21.49,13,CARD_PLATFORM
ACC000296,APP000509,CUS000192,2025-08-31,3000,831.9,ACTIVE,27.49,13,CARD_PLATFORM
ACC000297,APP000510,CUS000023,2026-05-26,5000,1629.91,ACTIVE,18.99,2,CARD_PLATFORM
ACC000298,APP000511,CUS000190,2025-06-15,7500,1561.98,ACTIVE,24.99,28,CARD_PLATFORM
ACC000299,APP000512,CUS000100,2026-05-02,15000,0,SUSPENDED,27.49,14,CARD_PLATFORM
ACC000300,APP000513,CUS000429,2026-05-13,2000,778.38,ACTIVE,18.99,10,CARD_PLATFORM
ACC000301,APP000514,CUS000141,2026-03-15,2000,414.42,ACTIVE,18.99,25,CARD_PLATFORM
ACC000302,APP000520,CUS000302,2025-06-20,5000,3174.66,ACTIVE,27.49,18,CARD_PLATFORM
ACC000303,APP000521,CUS000096,2026-06-24,7500,2209.02,ACTIVE,21.49,25,CARD_PLATFORM
ACC000304,APP000522,CUS000479,2026-02-19,7500,1740.84,ACTIVE,21.49,5,CARD_PLATFORM
ACC000305,APP000523,CUS000340,2025-11-18,2000,2580.3,ACTIVE,21.49,14,CARD_PLATFORM
ACC000306,APP000524,CUS000047,2026-06-11,3000,577.92,ACTIVE,27.49,22,CARD_PLATFORM
ACC000307,APP000526,CUS000037,2025-11-25,15000,1344.21,ACTIVE,27.49,3,CARD_PLATFORM
ACC000308,APP000527,CUS000331,2025-09-28,3000,0,SUSPENDED,27.49,6,CARD_PLATFORM
ACC000309,APP000528,CUS000084,2025-12-22,7500,752.34,ACTIVE,27.49,22,CARD_PLATFORM
ACC000310,APP000532,CUS000026,2026-04-06,3000,893.33,ACTIVE,18.99,20,CARD_PLATFORM
ACC000311,APP000534,CUS000353,2026-04-16,3000,4076.2,ACTIVE,18.99,11,CARD_PLATFORM
ACC000312,APP000535,CUS000475,2026-04-25,7500,0,CLOSED,21.49,23,CARD_PLATFORM
ACC000313,APP000536,CUS000410,2025-06-30,3000,609.46,ACTIVE,21.49,22,CARD_PLATFORM
ACC000314,APP000537,CUS000146,2025-10-23,3000,1165.51,ACTIVE,18.99,20,CARD_PLATFORM
ACC000315,APP000539,CUS000175,2025-11-16,3000,581.72,ACTIVE,24.99,3,CARD_PLATFORM
ACC000316,APP000540,CUS000107,2026-06-22,5000,2324.47,ACTIVE,18.99,25,CARD_PLATFORM
ACC000317,APP000541,CUS000499,2025-10-26,15000,2038.54,ACTIVE,21.49,25,CARD_PLATFORM
ACC000318,APP000545,CUS000097,2026-04-27,10000,2023.44,ACTIVE,18.99,12,CARD_PLATFORM
ACC000319,APP000549,CUS000350,2026-05-18,15000,1341.14,ACTIVE,27.49,27,CARD_PLATFORM
ACC000320,APP000551,CUS000226,2026-01-07,2000,2916.36,ACTIVE,24.99,21,CARD_PLATFORM
ACC000321,APP000552,CUS000356,2025-07-12,7500,2792.28,ACTIVE,18.99,25,CARD_PLATFORM
ACC000322,APP000554,CUS000151,2025-08-19,3000,1025.09,ACTIVE,27.49,16,CARD_PLATFORM
ACC000323,APP000557,CUS000256,2026-01-24,3000,2363.82,ACTIVE,24.99,18,CARD_PLATFORM
ACC000324,APP000558,CUS000493,2026-03-06,20000,417.99,ACTIVE,21.49,23,CARD_PLATFORM
ACC000325,APP000559,CUS000368,2026-01-21,2000,510.6,ACTIVE,27.49,15,CARD_PLATFORM
ACC000326,APP000560,CUS000051,2026-03-05,5000,1689.15,ACTIVE,18.99,19,CARD_PLATFORM
ACC000327,APP000562,CUS000260,2026-02-03,5000,0,CLOSED,21.49,16,CARD_PLATFORM
ACC000328,APP000564,CUS000399,2025-07-31,3000,777.0,ACTIVE,21.49,7,CARD_PLATFORM
ACC000329,APP000568,CUS000013,2025-11-13,3000,1090.67,ACTIVE,27.49,24,CARD_PLATFORM
ACC000330,APP000572,CUS000365,2026-06-15,7500,1896.49,ACTIVE,24.99,9,CARD_PLATFORM
ACC000331,APP000577,CUS000295,2025-10-30,10000,798.79,ACTIVE,24.99,23,CARD_PLATFORM
ACC000332,APP000579,CUS000168,2025-11-09,10000,1913.01,ACTIVE,21.49,13,CARD_PLATFORM
ACC000333,APP000580,CUS000026,2026-01-16,3000,1178.84,ACTIVE,18.99,16,CARD_PLATFORM
ACC000334,APP000585,CUS000215,2025-08-30,10000,674.0,ACTIVE,24.99,20,CARD_PLATFORM
ACC000335,APP000586,CUS000165,2025-06-19,5000,855.74,ACTIVE,18.99,1,CARD_PLATFORM
ACC000336,APP000587,CUS000179,2025-09-26,7500,2776.55,ACTIVE,24.99,5,CARD_PLATFORM
ACC000337,APP000588,CUS000166,2026-05-04,5000,2356.02,ACTIVE,21.49,8,CARD_PLATFORM
ACC000338,APP000590,CUS000168,2026-01-03,5000,599.24,ACTIVE,18.99,27,CARD_PLATFORM
ACC000339,APP000591,CUS000407,2025-10-02,7500,1836.03,ACTIVE,18.99,24,CARD_PLATFORM
ACC000340,APP000594,CUS000448,2025-11-30,5000,2145.18,ACTIVE,18.99,7,CARD_PLATFORM
ACC000341,APP000596,CUS000082,2025-07-24,5000,2452.88,ACTIVE,27.49,10,CARD_PLATFORM
ACC000342,APP000597,CUS000200,2026-02-23,7500,0,ACTIVE,27.49,5,CARD_PLATFORM
ACC000343,APP000599,CUS000494,2025-10-22,7500,1021.06,ACTIVE,27.49,8,CARD_PLATFORM
ACC000344,APP000601,CUS000487,2025-06-21,3000,0,CLOSED,24.99,8,CARD_PLATFORM
ACC000345,APP000603,CUS000328,2026-02-18,7500,1322.24,ACTIVE,27.49,18,CARD_PLATFORM
ACC000346,APP000606,CUS000417,2026-04-21,15000,1081.84,ACTIVE,24.99,12,CARD_PLATFORM
ACC000347,APP000607,CUS000420,2026-05-18,5000,644.86,ACTIVE,24.99,25,CARD_PLATFORM
ACC000348,APP000608,CUS000418,2025-08-28,20000,822.92,ACTIVE,24.99,20,CARD_PLATFORM
ACC000349,APP000609,CUS000255,2026-04-24,3000,1500.53,ACTIVE,24.99,17,CARD_PLATFORM
ACC000350,APP000610,CUS000359,2026-04-27,5000,2081.65,ACTIVE,24.99,18,CARD_PLATFORM
ACC000351,APP000611,CUS000182,2025-12-22,3000,2242.53,ACTIVE,24.99,1,CARD_PLATFORM
ACC000352,APP000614,CUS000362,2025-12-09,7500,2317.32,ACTIVE,21.49,4,CARD_PLATFORM
ACC000353,APP000618,CUS000111,2026-05-10,5000,922.32,ACTIVE,18.99,20,CARD_PLATFORM
ACC000354,APP000620,CUS000016,2026-05-02,15000,1198.85,ACTIVE,24.99,6,CARD_PLATFORM
ACC000355,APP000622,CUS000385,2025-07-19,3000,1075.75,ACTIVE,24.99,1,CARD_PLATFORM
ACC000356,APP000623,CUS000410,2026-03-22,5000,895.39,ACTIVE,27.49,23,CARD_PLATFORM
ACC000357,APP000625,CUS000056,2025-11-29,10000,0,SUSPENDED,18.99,11,CARD_PLATFORM
ACC000358,APP000627,CUS000051,2026-02-23,10000,2470.3,ACTIVE,27.49,13,CARD_PLATFORM
ACC000359,APP000628,CUS000223,2025-12-11,7500,1527.74,ACTIVE,18.99,7,CARD_PLATFORM
ACC000360,APP000629,CUS000485,2025-07-16,10000,1694.15,ACTIVE,27.49,24,CARD_PLATFORM
ACC000361,APP000630,CUS000261,2026-03-01,3000,687.01,ACTIVE,21.49,19,CARD_PLATFORM
ACC000362,APP000632,CUS000191,2025-12-24,3000,0,SUSPENDED,24.99,14,CARD_PLATFORM
ACC000363,APP000634,CUS000340,2026-05-25,2000,1453.7,ACTIVE,27.49,10,CARD_PLATFORM
ACC000364,APP000637,CUS000190,2026-01-13,7500,586.67,ACTIVE,24.99,15,CARD_PLATFORM
ACC000365,APP000639,CUS000447,2026-01-16,3000,4244.65,ACTIVE,24.99,12,CARD_PLATFORM
ACC000366,APP000640,CUS000020,2025-08-17,3000,1033.2,ACTIVE,18.99,21,CARD_PLATFORM
ACC000367,APP000641,CUS000422,2026-01-31,10000,1039.22,ACTIVE,24.99,8,CARD_PLATFORM
ACC000368,APP000644,CUS000228,2025-12-21,5000,1789.34,ACTIVE,24.99,15,CARD_PLATFORM
ACC000369,APP000646,CUS000103,2025-09-25,10000,597.58,ACTIVE,21.49,21,CARD_PLATFORM
ACC000370,APP000650,CUS000084,2025-12-31,10000,1079.4,ACTIVE,18.99,25,CARD_PLATFORM
